{"0.1": 10, "0.12": 18, "0.14": 2, "0.16": 10, "0.18": 16, "0.2": 14, "0.22": 2, "0.24": 6, "0.26": 10, "0.28": 4, "0.3": 10, "0.32": 16, "0.34": 14, "0.38": 6, "0.4": 12, "0.42": 12, "0.44": 14, "0.46": 2, "0.48": 12, "0.5": 2, "0.52": 8, "0.54": 14, "0.56": 12, "0.58": 12, "0.6": 10, "0.62": 4, "0.64": 8, "0.66": 4, "0.68": 12, "0.7000000000000001": 12, "0.72": 12, "0.74": 2, "0.76": 12, "0.78": 16, "0.8": 4, "0.8200000000000001": 8, "0.84": 6, "0.86": 6, "0.88": 2, "0.92": 4}