{"0.1": 8, "0.12": 2, "0.14": 10, "0.16": 6, "0.18": 6, "0.2": 8, "0.22": 4, "0.24": 4, "0.26": 4, "0.28": 4, "0.3": 8, "0.32": 4, "0.34": 6, "0.36": 12, "0.38": 8, "0.4": 8, "0.42": 8, "0.44": 2, "0.46": 12, "0.48": 4, "0.5": 6, "0.54": 6, "0.56": 6, "0.58": 4, "0.62": 4, "0.64": 12, "0.66": 6, "0.7000000000000001": 10, "0.74": 10, "0.78": 4, "0.8": 8, "0.8200000000000001": 6, "0.84": 4, "0.86": 4, "0.88": 2}