{"0.08": 2, "0.1": 10, "0.12": 4, "0.14": 4, "0.16": 8, "0.2": 8, "0.22": 2, "0.24": 2, "0.26": 6, "0.28": 10, "0.3": 4, "0.32": 2, "0.36": 10, "0.38": 4, "0.4": 2, "0.42": 8, "0.44": 4, "0.46": 6, "0.48": 6, "0.52": 10, "0.56": 4, "0.58": 2, "0.6": 4, "0.62": 4, "0.64": 12, "0.66": 4, "0.7000000000000001": 4, "0.72": 10, "0.74": 4, "0.76": 6, "0.78": 6, "0.8": 2, "0.8200000000000001": 4, "0.84": 8, "0.88": 6, "0.9": 4}