{"0.12": 2, "0.24": 2, "0.26": 2, "0.28": 2, "0.34": 2, "0.36": 2, "0.42": 2, "0.46": 2, "0.52": 2, "0.64": 2, "0.66": 2, "0.7000000000000001": 2, "0.74": 2, "0.8200000000000001": 2, "0.86": 2, "0.88": 2}