{"0.16": 2, "0.18": 12, "0.2": 6, "0.22": 16, "0.24": 32, "0.26": 30, "0.28": 26, "0.3": 14, "0.32": 8, "0.34": 10, "0.38": 8, "0.4": 26, "0.42": 12, "0.44": 20, "0.46": 28, "0.48": 14, "0.5": 10, "0.52": 24, "0.54": 8, "0.56": 14, "0.58": 6, "0.6": 24, "0.62": 8, "0.64": 10, "0.66": 22, "0.68": 10, "0.7000000000000001": 4, "0.72": 34, "0.74": 24, "0.76": 18, "0.78": 16, "0.8": 10, "0.8200000000000001": 4, "0.84": 14, "0.86": 14, "0.88": 14}