{"0.14": 2, "0.16": 4, "0.18": 36, "0.2": 72, "0.22": 118, "0.24": 118, "0.26": 102, "0.28": 90, "0.3": 106, "0.32": 50, "0.34": 42, "0.36": 64, "0.38": 40, "0.4": 56, "0.42": 58, "0.44": 68, "0.46": 94, "0.48": 90, "0.5": 86, "0.52": 74, "0.54": 74, "0.56": 76, "0.58": 82, "0.6": 68, "0.62": 50, "0.64": 70, "0.66": 52, "0.68": 50, "0.7000000000000001": 64, "0.72": 88, "0.74": 76, "0.76": 76, "0.78": 96, "0.8": 96, "0.8200000000000001": 74, "0.84": 88, "0.86": 74, "0.88": 50, "0.9": 32, "0.92": 6}