{"0.14": 10, "0.16": 12, "0.18": 22, "0.2": 28, "0.22": 22, "0.24": 46, "0.26": 42, "0.28": 48, "0.3": 48, "0.32": 12, "0.34": 40, "0.36": 8, "0.38": 18, "0.4": 28, "0.42": 48, "0.44": 20, "0.46": 34, "0.48": 28, "0.5": 44, "0.52": 12, "0.54": 26, "0.56": 36, "0.58": 18, "0.6": 48, "0.62": 16, "0.64": 22, "0.66": 12, "0.68": 32, "0.7000000000000001": 26, "0.72": 56, "0.74": 36, "0.76": 28, "0.78": 30, "0.8": 24, "0.8200000000000001": 18, "0.84": 48, "0.86": 8, "0.88": 48, "0.9": 8, "0.92": 10}