{"0.1": 2, "0.14": 8, "0.16": 14, "0.18": 14, "0.22": 10, "0.24": 8, "0.26": 8, "0.3": 4, "0.32": 2, "0.34": 4, "0.36": 6, "0.38": 4, "0.4": 4, "0.42": 12, "0.44": 10, "0.46": 6, "0.48": 4, "0.5": 14, "0.54": 10, "0.58": 12, "0.6": 12, "0.64": 12, "0.66": 4, "0.68": 14, "0.7000000000000001": 10, "0.72": 2, "0.74": 4, "0.76": 10, "0.78": 10, "0.8": 2, "0.8200000000000001": 6, "0.84": 20, "0.86": 4, "0.9": 2, "0.92": 2}