{"0.30000000000000004": 3, "0.45": 4, "0.75": 4, "0.25": 4, "0.7000000000000001": 4, "0.4": 1, "0.5": 2, "0.55": 2, "0.2": 2, "0.8": 1}