{"0.30000000000000004": 1, "0.5": 5, "0.8": 5, "0.25": 2, "0.4": 7, "0.6000000000000001": 3, "0.75": 8, "0.8500000000000001": 4, "0.2": 14, "0.55": 8, "0.7000000000000001": 4, "0.45": 2, "0.35000000000000003": 2, "0.15000000000000002": 1, "0.65": 2}