{"0.30000000000000004": 2, "0.45": 7, "0.65": 1, "0.55": 6, "0.8": 5, "0.25": 4, "0.7000000000000001": 3, "0.75": 4, "0.15000000000000002": 1, "0.2": 5, "0.4": 1}