{"0.15000000000000002": 1, "0.30000000000000004": 1, "0.45": 1, "0.55": 1, "0.75": 1, "0.8": 1}