{"0.0": 9, "0.1": 8, "0.25": 6, "0.35000000000000003": 8, "0.45": 9, "0.55": 2, "0.6000000000000001": 11, "0.65": 5, "0.8": 4, "0.9": 3, "0.05": 1, "0.2": 5, "0.4": 3, "0.5": 6, "0.7000000000000001": 6, "0.75": 5, "0.8500000000000001": 6, "0.9500000000000001": 7, "0.15000000000000002": 2, "1.4500000000000002": 1, "2.8000000000000003": 1, "4.15": 1, "5.45": 1, "6.9": 1, "8.0": 1, "8.85": 1, "9.600000000000001": 1, "10.65": 1, "0.30000000000000004": 1}