{"0.1": 4, "0.35000000000000003": 4, "0.55": 3, "0.8500000000000001": 4, "0.8": 1, "0.6000000000000001": 1, "0.15000000000000002": 1, "0.4": 1, "0.65": 1, "0.30000000000000004": 1, "0.5": 1, "0.7000000000000001": 1}