{"0.08": 2, "0.12": 2, "0.14": 2, "0.18": 2, "0.2": 2, "0.24": 2, "0.28": 2, "0.32": 2, "0.36": 2, "0.38": 2, "0.46": 2, "0.5": 4, "0.56": 4, "0.6": 2, "0.66": 4, "0.7000000000000001": 2, "0.72": 2, "0.8": 2, "0.8200000000000001": 2, "0.86": 2, "0.88": 2}