{"0.16": 2, "0.18": 8, "0.2": 32, "0.22": 34, "0.24": 36, "0.26": 38, "0.28": 46, "0.3": 26, "0.32": 20, "0.34": 32, "0.36": 22, "0.38": 14, "0.4": 8, "0.42": 14, "0.44": 12, "0.46": 18, "0.48": 28, "0.5": 58, "0.52": 46, "0.54": 40, "0.56": 50, "0.58": 30, "0.6": 28, "0.62": 10, "0.64": 14, "0.66": 14, "0.68": 12, "0.7000000000000001": 34, "0.72": 34, "0.74": 46, "0.76": 74, "0.78": 40, "0.8": 30, "0.8200000000000001": 10, "0.84": 16, "0.86": 2}