{"0.16": 8, "0.18": 36, "0.2": 124, "0.22": 100, "0.24": 100, "0.26": 146, "0.28": 80, "0.3": 22, "0.32": 26, "0.34": 48, "0.36": 54, "0.38": 88, "0.4": 120, "0.42": 106, "0.44": 78, "0.46": 48, "0.48": 70, "0.5": 54, "0.52": 74, "0.54": 102, "0.56": 88, "0.58": 134, "0.6": 68, "0.62": 68, "0.64": 44, "0.66": 28, "0.68": 74, "0.7000000000000001": 118, "0.72": 136, "0.74": 120, "0.76": 56, "0.78": 28, "0.8": 46, "0.8200000000000001": 108, "0.84": 64, "0.86": 116, "0.88": 124, "0.9": 84, "0.92": 2}