{"0.12": 12, "0.14": 2, "0.16": 8, "0.18": 22, "0.2": 8, "0.22": 8, "0.24": 16, "0.26": 10, "0.28": 12, "0.3": 4, "0.32": 4, "0.34": 12, "0.36": 8, "0.38": 10, "0.4": 12, "0.42": 12, "0.44": 16, "0.46": 4, "0.48": 10, "0.5": 12, "0.52": 2, "0.54": 14, "0.56": 6, "0.58": 16, "0.6": 10, "0.62": 6, "0.64": 24, "0.66": 2, "0.68": 2, "0.7000000000000001": 8, "0.72": 12, "0.74": 16, "0.76": 10, "0.78": 14, "0.8": 4, "0.8200000000000001": 6, "0.84": 6, "0.86": 10, "0.9": 8, "0.92": 6}